-5.283017596559003159e-01,9.703811168089906403e-01
-1.520391533561569197e-01,6.940492048010122872e-01
5.829490382737172460e-01,5.187424493593109087e-01
-8.984520221510412519e-01,2.591885579927870609e-01
-8.300613145336190879e-01,3.633643717598180611e-01
-4.906340850341177617e-01,3.754853695951338999e-01
3.863713838921372101e-01,7.663988392943026362e-01
-1.799727577058962691e-01,-5.845335170916552414e-01
-7.965238290118823450e-01,3.676584693898454770e-01
1.483733246210181544e-01,1.902331142278856912e-01
5.557213347247671464e-01,3.925299303447820076e-01
-4.784209867855824250e-01,-5.187242831167537815e-02
-6.988001705510136219e-01,9.059440901714892469e-01
5.048995364887718384e-01,1.969305080932353125e-01
-1.919366231368551112e-01,7.693139442272121098e-01
8.989276711379787788e-01,9.037671513205218776e-01
-9.065469983445644253e-01,-5.037264667592638023e-01
4.373036660984990220e-01,7.008789534466666193e-01
5.154603444343597296e-01,9.219486256184823425e-01
4.059735815297924599e-01,9.460617079852706723e-01
-1.547187858089453805e-01,-4.236492201673214275e-02
-5.187249065435373119e-02,6.980254626348769698e-02
-4.713565444400458215e-01,8.757884305066099273e-01
-3.276782805113938046e-01,7.715980966281121844e-02
-4.353106543987312893e-01,8.898969779419301229e-01
6.129728520466142250e-01,-3.381884165925996832e-01
-2.961811584238227546e-02,-3.522548530760467589e-01
-7.295175581271791110e-01,7.544629213300579895e-01
-6.844675920336682484e-01,-7.079233843324290731e-01
2.418488409284891283e-01,2.862177837214618936e-01
8.384474479641859102e-01,-4.272088709504691106e-01
-2.037200729320967074e-01,-8.414692460472039670e-02
-7.138494137105892978e-01,8.026653779338137618e-01
2.389806865794064095e-02,-4.313627573464773324e-01
8.516623013018107535e-01,2.883909294777029508e-01
3.734660117308366001e-01,-1.804788840180480136e-01
9.194253277297714799e-01,3.335736328381813109e-01
8.033657964724842948e-01,-6.848913299607539695e-01
-3.236928137488215285e-01,2.198264314219005033e-01
1.203871822255384583e-01,-3.470765864556446534e-01
-6.282062682649325325e-02,-3.456432912606131058e-01
1.610797839270285969e-01,-3.301417785043683217e-01
-9.655095876980370750e-01,-2.838276607616608089e+02
-6.342826852408176563e-01,7.080773734345924275e-02
5.418858089773601616e-01,2.074295843977802534e-01
-9.635372835626931920e-01,2.143679978411845433e-01
-3.317065908566605437e-01,-7.266268293173436810e-01
8.107835057806731527e-01,-3.548783949371154822e-01
-4.002340522112511962e+02,-3.823817783055235395e+02
-2.942913712446578529e+02,-2.217221613612297233e+02
3.959178246601484652e-01,3.779306328060254572e-01
-7.924306890829602157e-01,-8.633276512860315055e-01
-2.092131415117215454e-03,3.336671010128091641e-01
-9.572683708179794415e-01,2.947787275440107990e-01
-1.726448605014875852e+02,-1.991662133563200996e+02
-3.051462891215658715e+02,-3.948119958884823291e+02
-1.996443173010056285e+02,-1.493189917628030514e+02
-1.501755982117625479e+02,-1.992108517158178245e+02
-1.877323420143759414e-01,-3.493203806806133294e-02
-4.767161421820698131e-01,-6.579524703558734533e-01
-1.989766848621144959e+02,-1.990373112827186901e+02
-2.977273515434042679e+02,-2.985979917355617772e+02
-9.599258999329252084e-01,-6.953705917567112316e-01
-7.342451300803256231e+01,-1.500779608710439277e+02
-1.899378105006763917e+02,-2.843032330465431983e+02
-3.351783434946483453e+02,-4.448257911888156855e+02
-8.997122008516307279e-01,2.127548441310724847e-01
-1.983284469403548940e+02,5.252451857221585030e-02
5.276983145175764278e-01,-1.658466534083560262e-01
-1.490920858030821989e+02,4.627635000975960367e-03
-4.080270997259491423e+02,-4.450774649706133914e+02
-4.267030520054839258e+02,-3.968543613573473294e+02
-6.788005639027419047e-01,-7.137078915547463431e-01
-5.601714948814406902e-02,-3.905787201809942655e-01
3.381108182563252740e-02,5.820303207073385110e-03
1.889452832419655781e-01,-8.637364353615395451e-02
3.534454870322347730e-01,4.551985076331173108e-01
-8.177098448397512875e-01,-5.871428617603755562e-01
2.745716143105543239e-01,-7.622260417718970871e+01
9.281310008005889678e-01,-1.331176036565357990e-01
-4.817516054336645759e-01,-5.099033452078163275e-01
8.043120026753833862e-01,2.428088070998750680e-01
-1.892002991817405277e-01,9.275952416219679364e-01
-6.775009653284567168e-01,-2.078313364671975361e-01
-1.514938782311206182e+02,-2.101471925286845135e+02
-1.479041020451728343e+02,-1.642687023364954655e+02
4.425507181789491540e+01,6.274512643450667060e-01
-9.665485587652891120e-01,-2.515378921479041185e-01
5.172979027229296367e-01,6.301322416429058215e-01
-5.229277433671115638e-01,-6.336515407229990071e-01
-5.297433904552197959e+01,-7.358246522998533123e+01
-3.900742942968042115e+01,-1.282281418987094526e+02
4.606529988393020147e+01,-7.598116692266545513e-01
6.913246986669363991e+01,-7.112713364855511866e-01
8.404838344977052511e-01,4.192094163537438689e-01
3.466764008767020400e-01,4.412967980550472902e-01
2.687376128656215002e+00,-4.772815396092534002e+01
-1.494421220752208228e+02,-1.521190786962997095e+02
7.966550183819220976e-01,-9.525285672898646805e-01
6.228523801478053201e+01,-4.765429273990509529e+01
-8.841169831753094854e+01,-1.951765301900597933e+02
-9.869353872345311629e+01,-1.270035902419730292e+02
-4.165021553055365811e-01,6.938797525987556725e-01
-8.501394612538575313e-01,-9.674604178826091694e-01
-4.529174643065720929e-01,-7.643514775031943209e-01
4.642301591344659695e-01,-8.804989855837308532e-01
-5.874106967633223064e+01,-2.143187503720311042e+02
-1.812340155013088747e+02,-2.354208570910004994e+02
1.373898871483985040e-01,-4.738227445135494431e-01
1.064745565838707275e-01,3.688076107113293922e-01
4.385175920862904864e-01,-1.777645562847469662e-01
-3.628848280804848336e-01,-8.924935684183081808e-01
-7.509954508036220666e-01,6.770772303629346567e-02
5.022060276016233615e-01,-7.304238431027343381e-01
-2.077591235958160532e-01,5.093396710825692786e-01
-8.945168276633483906e-01,9.770615892292739968e-01
3.162231438570466402e-01,-5.945049809817237740e-01
2.469315721554401488e-01,6.897932783805380552e-01
-6.832571528800273075e-01,-2.025778026709499358e-01
7.151837863723489175e-01,-2.006056769845794285e-01
-5.793998694940905025e-01,-3.122723523567256798e-01
-9.215231316585481558e-01,-2.212949430210757740e+00
-4.463864884630586172e-01,-3.546204750397816685e-01
8.425574986847232939e-01,8.877569551742201526e-01
9.988963746493246809e-01,4.688743280479910069e-01
2.018237304410466226e-01,-2.518057811222762510e-02
2.137402541794362953e+00,-2.129568479114979240e+01
-1.286111540434419886e+00,-4.607065742955821719e+00
8.985355014088496350e-01,2.584038919310172044e-01
3.407224256623486269e+01,-2.634471291254505410e-01
3.692906022744855132e-01,-3.015510265679230972e-01
1.127474993485075849e-01,2.645954824253398119e-01
-2.313228692393221664e+01,1.128712060685614027e+00
-3.760138806885354956e+00,-2.540120459354421101e+01
6.282694702672702025e-01,-6.257697823694023942e-01
-3.955359604264103712e-01,5.114014845518367736e+01
9.053503871785069101e-01,-4.973944334183482141e-01
-4.990478665598783170e-01,-7.167393193798752282e-01
2.690392411047006771e-01,-5.282499167617769054e-01
-4.863469539799878394e-01,3.199573712716461404e-01
7.516676912145281442e-01,3.055146908377228687e-01
6.250716894718020278e-01,-2.742056537758197354e-01
-3.204084902779263899e+01,-7.085150217602932798e+01
-8.207087834473843202e+01,-1.506118684564037835e+02
-9.137231861452541626e-01,9.494010249308129090e-01
-9.474509108398310175e-02,2.668813952999464778e-01
-7.041102560246372821e-01,-5.543922250684252262e-02
-7.250841067236866166e-01,6.068954570889797395e-01
-4.689851427613740409e-01,-2.380485253789543787e-01
4.069974290917708348e-01,-8.295683725838967071e-01
5.025797065571360189e-01,-6.010720421196462659e-01
6.983721756751928300e-01,-7.466167437204496160e-02
2.796736867556519623e-01,-4.422006230888633205e-01
-9.639579769905692874e-01,-5.678025733781226769e-01
-4.292974611776112503e-02,-4.532527955669145570e-01
-6.648379095582992448e-01,-4.796762156619989170e-01
-4.597752868412265936e-01,-1.899142027806328681e-01
1.195107228633895957e-01,4.614365474370629716e-01
7.825376662793352978e-01,1.250441414279910290e-01
2.783037452038872317e-02,-5.515113402411599974e-01
-3.272637344966333739e-01,-6.996528183209096419e-01
7.783495209835549211e-01,7.224644464518525933e-01
8.224769734365959817e-01,1.071751332047043981e-02
-8.523527946092845919e-01,1.002519266393935293e-01
-9.122081003247806130e-02,-3.674083537187937676e-01
-7.674195998644410821e-01,-1.849534706162361264e-01
2.120305258526600234e-02,5.502887309004194094e-01
-7.350860881190595109e-01,-3.583503614872558529e-01
6.202409741587679992e-01,-8.758890552999640811e-01
7.180544830377610932e-01,-5.350780185955636981e-01
8.335516400191964603e-01,-9.402959712800327274e-01
7.192357503941633201e-01,-8.574570570204591569e-01
-6.769498215085012482e-01,3.080369603523647193e-02
3.677858058514851258e-01,-2.509541652882552043e-01
3.162799543702354832e-01,-2.859251452802868965e-01
-4.881086093167921192e-01,-5.562278163571656719e-01
7.086050293887500295e-01,-1.002997852556268832e-01
-6.356393410723972792e-01,9.265386445028789275e-01
-8.217622943901901067e-01,-1.231167465976603648e-01
6.919060160429455486e-01,4.546375997578055994e-01
7.354142024412135825e-01,-9.058181649003786973e-01
-6.829946446293815310e-01,-4.453869800447785021e-01
8.308341237772165488e-01,-9.162441091757034251e-01
-6.899004545746820760e-01,1.844427260736050123e-01
-7.904136442096825199e-01,6.546178805273563661e-01
-9.809108959829255792e-01,9.889554248122973679e-01
-2.888945239463025505e-01,-8.781781634952912086e-02
-2.466337262103555084e-01,-6.284240029093712820e-02
7.317809874376994816e-01,-5.731249447348589765e-01
-7.931665161944252418e-01,2.764253969860968052e-01
6.091342814826845586e-01,-2.434451011538820708e-01
-1.136753465207895886e-01,-4.473633870783255695e-01
-2.978717691597256856e-01,9.328411996063341594e-01
7.915680335691990255e-01,9.803084752963697746e-02
9.166157531382028711e-01,5.559829307592756287e-02
-6.176589204114462106e-01,-2.986915628922564014e-01
5.685036728095391734e-01,2.962034079056710123e-01
-7.486181002364866721e-02,-3.293566752836762923e-02
8.875621311383572465e-01,8.908424361381661605e-02
4.786050076773484818e-02,3.834418978103073528e-01
2.184199568871170172e-01,1.710506727068501487e-01
-3.940381750704979869e-01,1.465314475129320115e-03
6.800235341959628421e-01,-1.316442455616557705e-01
5.044970496533272009e-01,1.327522638412665934e-01
5.452989234031393462e-01,4.386191625354651791e-02
-9.985830709838259267e-01,6.866201334882360285e-03
4.839753759160518864e-01,4.197124972843315760e-01
-5.942045764477108527e-01,3.689498077865183134e-01
-3.011634091640247313e-02,-7.178986712913288937e-01
-6.023493968580830860e-01,3.855291537866336604e-01
-4.104014990053006517e-01,8.417207573984124558e-01
-9.255504772098610555e-01,2.976612996248046983e-01
-3.726637084598614091e-01,7.109041980600190325e-01
9.612916598199661156e-01,1.598863053301133874e-01
-2.155490082341058322e-01,4.604835059040228717e-01
-9.998085398461824536e-01,1.865822852752081484e-01
-1.490394806626460511e-01,-6.842776480045946741e-01
-8.137497530443145166e-01,-8.023443114894945882e-01
9.616399183050730048e-01,8.416192140525715626e-01
-3.004611335797464644e-01,-2.236626622051860469e-01
2.408947996286421311e-01,6.036548497510529909e-01
2.153774395314103085e-01,-1.761770096997792301e-01
-8.575241516249545448e-01,-6.416644623852465479e-01
-2.528016719508663357e-02,-1.781423894009588338e-01
-6.058956375073698553e-02,5.892471391829170457e-01
-3.563518468575543885e-01,5.620228668309061870e-01
-1.396171565516619584e-01,3.437405978078960089e-01
8.797973339927280811e-01,1.413025485733860886e-01
-9.154397711888258016e-01,3.396032210842527821e-01
6.645095100377238495e-01,5.388115527385375358e-01
-4.001940469874536443e-01,8.174261932176269951e-01
4.857807650530414634e-01,-2.826450535038886880e-01
-9.125581166840961433e-01,-3.802931698386435855e-02
-9.362265419565840574e-02,-9.736021731305501969e-01
7.360491311191745822e-01,7.515061500730113586e-01
9.491365336150980880e-01,-8.646738486519514044e-01
5.733665319831693363e-01,-9.088565119692484373e-01
7.470906841804669796e-01,-4.821364135014363228e-01
4.662003850611984301e-01,-1.601335530434371268e-01
3.122715449385078390e-01,3.007577165842052480e-01
3.413287410934333632e-01,9.556468481713005225e-01
5.071100980890537180e-01,1.467491010431944964e-01
3.818612554810452142e-01,-7.474647759523500579e-01
-5.037166091388933786e-01,-4.920259026015074699e-01
2.977066498549294504e-01,2.384468898000775550e-01
-8.171284043818580756e-01,-9.548437245781351557e-01
-2.444085331825507357e-01,9.698403136494382348e-01
1.041193525567030154e-01,9.498823298113427960e-01
-8.590739839044261306e-01,7.346269920704970868e-01
2.412719778696725825e-03,5.959741541155634259e-01
-2.644842778013014595e-01,-1.198738547677480337e-01
6.976372169304718707e-01,-6.168547485168704991e-01
3.479649861289721979e-01,6.557619995627252951e-01
-4.655948049159170932e-01,3.438070236064147966e-01
-4.670041752638520727e-01,2.479247230540826408e-02
-8.129145574351566150e-01,7.943992087641020827e-01
5.971444175412052857e-01,-7.110457240288237113e-01
-7.081256484362270509e-01,5.362600149596905563e-01
-3.356602688029612409e+02,-3.944928060346303482e+02
-8.690818565347953051e-01,-1.295177101721143309e-01
-4.777210431959248993e-01,-1.268613353583352144e-01
-2.702129430466464477e-01,-6.403661110864282691e-01
7.005434524943614516e-01,-7.388387451051663390e-01
-3.129068132892280918e-01,3.531943799715708820e-02
-2.600258705648998898e+02,-3.771264034895245345e+02
-9.798968565591574986e+01,-3.912024901511280177e+02
-1.748271108040883064e+02,-2.494991438850036047e+02
-9.826031090671747847e+01,3.736662177640403537e-01
-6.835852498754673157e-01,-5.448684919336832522e-02
-6.916918729892600481e-01,-2.023061399099435054e-01
-5.871138957381512036e-01,-7.760136604311846931e-01
-1.093719992727849757e+02,-2.719156770174854501e+02
-2.022710955948513174e+02,-2.231357595671939862e+02
-9.770660434335651345e+00,-1.747961178943898233e+02
1.728009878324239246e-01,-2.846215066838988506e-01
-3.193371439612107121e-01,-5.929114968706634681e-01
7.367407548815858576e-01,4.983012306010656811e-01
6.391219103765621856e-01,-9.283888990022066690e-01
-5.653011541833878884e-01,-6.310785685742836826e-02
-7.275587759173933744e-01,3.672451699167994521e-01
-3.335787747520204221e+02,-2.481038039496342549e+02
-2.283092659140239107e+02,-1.979566586307233820e+02
8.773010635472218155e-01,3.602475024064903941e-01
-6.946963168889717100e-01,8.731585235463668049e-02
-7.719600756250790674e-01,-7.629030026715113433e-01
-7.925049731273037246e-02,3.595298642410975631e-01
-9.961465284067207904e+01,-1.984936058826380929e+02
-3.436954917588392391e+02,-2.571824274240098021e+02
-1.719022724882668385e-01,-5.899345823139812151e-01
7.594184799108094630e-02,-5.897522535298194146e-01
-6.826839411848573125e-01,5.385597232601164741e-01
1.697469790902892406e-01,-2.058278330700245018e-01
4.329094834896962674e-02,-4.153953453807290863e-02
9.050024142409396344e-01,5.961907885597010903e-01
-1.506831968483331536e+02,-2.438784906899541056e+02
-7.244289694171082150e-01,-2.598306814187394398e-01
8.811594606361643489e-01,9.232071110095918520e-02
-9.989621377293893545e-01,-8.363101165793251912e-01
-9.492774791514435595e-01,-1.817751760204504574e-01
-6.075597448024137037e-01,8.530086550297999448e-01
-1.843300900702985814e+02,-2.195387847251886342e+02
-2.842641163359965617e+01,-1.729602543820719234e+02
1.375549949758956991e+01,-2.382090194653844151e+01
1.857672799189311164e+01,-1.500758327552909055e-01
8.643642337350154747e-01,-2.534882874474220227e-01
9.610958789472745512e-01,-5.902083367665795777e-01
3.183882866544556212e-01,-2.177826452019227332e+01
-1.439195834067679414e+01,-3.479683883041654013e+01
6.506942483618215078e+01,8.546838577763242739e+00
9.964403108450309787e+01,7.735943039502558349e+00
8.127211690675597566e-01,2.485557795889219435e-01
9.194447328139032649e-02,8.668831813946531462e-02
1.583793155261474794e-01,-1.918544307037994834e-02
-9.659955174401391176e-01,-5.343152915031166295e-01
-4.063639691331688564e-01,3.658900394921582588e-01
8.274232904560085444e+01,5.435279692279920027e+00
-1.085663140885425015e+01,-1.069755483126445483e+02
-6.060439640443296128e+01,-1.313151380949944098e+02
3.066887991120152979e-01,-5.104413372115401692e-01
-6.777023955345542472e-01,7.543296397569512202e-01
3.414905479937040411e-01,-6.786206200537399091e-01
7.785576806252492155e-01,3.613143957958753205e-02
-1.587258528518626690e+02,-8.310350981709049734e+01
-1.067439097580138565e+02,-1.629429218971682189e+02
3.236915420965797985e-01,6.954283825126870155e-01
-1.224837981096806860e-01,5.349819454584112677e-01
-9.541957148271131839e-01,-5.800251543489254313e-01
1.218495571059330373e-02,-9.379991157034814897e-01
4.002583624336322199e-01,-3.617113915732048657e-01
-2.431397508488355452e-01,-2.506108678678451440e-01
-6.898632629912512471e+00,-3.587647885156002303e+01
-9.498008684916836586e-01,7.828323898378410917e-01
-8.363293149654431602e-01,6.505892907471975128e-01
-9.512546884211956488e-01,-8.289608946798932010e-02
-2.882366144383894380e-01,-5.639732557320020767e-01
5.481642053346185151e-01,-7.357373369030815180e-01
-1.044796746347604568e+02,-1.409282430327194220e+02
-1.139954832041008643e+02,-2.527631867306659785e+01
-8.646363746227094804e-01,8.214158086218188259e+01
8.659850366902095420e-01,-1.322674431666521766e-01
-9.216943830714936503e-01,8.226237823556870055e-02
-1.698621668607436241e-02,7.537508621952415666e-01
-1.269218390418435227e+01,-3.317910701415372188e+01
-1.663384025853403259e+01,-5.507022745199861902e+01
5.426169837361675263e+01,3.365124607866439987e+01
9.965256918767784100e+01,2.742703587478606053e+01
4.365916609747899457e+01,-8.236214136899413507e-01
-8.853731195788960839e-01,5.437824538586926160e-01
-7.086562208917599470e-01,2.491292654646433125e-01
4.665036529330210957e-01,-3.903005524622431555e-01
3.803034291323648119e-02,3.323021795924781685e+01
8.921327132453330933e+01,-7.900827287229295059e-01
-3.656046669665205862e+00,-7.425494076006368971e+01
-4.931274947455194990e+01,-5.572149807947350553e+01
-3.859964504343820213e-01,8.728398841952644815e-02
-8.994873346972238615e-01,8.476172331805711391e-01
-3.833920521030707018e-01,5.426078547261075080e-01
1.207245392241330606e+01,-1.840963191203637273e-01
-1.048419437063708060e+01,-4.420024720236396831e+01
-6.967042407890482991e+01,-1.645630997580381347e+02
6.179295243612892286e-02,8.985975169745257229e-01
3.441602529731542237e-01,9.321725668070384163e-01
4.763191896387461988e-01,-9.144343855947656419e-01
-8.666955085802612313e-01,1.031831698234524364e-01
2.664847451270346834e-01,3.284653383293223428e-01
6.619810122803280183e-01,-9.028476352279042327e-01
-9.755571403878680048e-01,6.518656539913347814e-03
-6.540108378987052884e-01,2.909872604087859749e-02
-6.539949268586064957e-01,-1.108713168705506291e-01
1.177710997291745443e-01,-7.521266542933044974e-01
-8.557912129967970571e-02,-2.004077783975242166e-01
8.157847760504526313e-01,8.228637696096923193e-01
8.921189402351759057e-01,-7.896268483850066300e-01
-8.212604927475808392e-01,-5.861726211837687828e-01
9.277866509780618998e-01,-6.786434472735642931e-01
5.375250308882215666e-01,-6.151461268918112513e-01
4.617487893343450445e-01,9.616275698036991226e-01
-7.447657625003605286e-01,-7.065201133840617320e-01
9.579434595327929181e-02,3.334089381710050759e+00
-4.075541451872224386e-01,2.527369458572492622e+00
4.834849086293377951e-01,-9.760149833660280994e-01
1.923654676143420339e-01,1.789186406216907166e-01
8.822484466227444866e-01,-6.162598931322369467e-01
-5.668056145632458520e-01,-9.481909463302446994e-01
8.388044112310588662e-01,-1.966754637858676436e-01
-2.131000678460179820e-01,6.943702503642885659e-01
9.098443872094172935e-01,-1.843679009456800078e-01
2.798720049938803189e-01,1.747660052337527503e+01
-5.571994698932070111e-01,8.266462095037701019e-01
-1.702070483041060101e+01,-5.718553764818818053e+01
-5.550060713987865491e-01,-4.295823025211791268e-01
-4.412203348769356825e-01,5.390706766079689238e-02
-2.455033414939435943e-01,-4.369286229529587562e-01
-4.243637529351038662e-01,6.453624009405296569e-01
3.128511257430080406e+00,8.095085110867235034e-01
-5.912925872640501268e+01,-6.199160201284932725e+01
-5.982144228703112354e-02,7.245024490075062662e-01
2.807264227608108342e-01,-2.694807478189642502e-01
4.318719467889335917e-01,5.739568755065649341e-02
5.531108730473932589e-02,-1.008705673360865696e-01
-8.299035592074233136e-02,-1.847347180599885341e-01
1.082930723301105402e-01,7.312353206429864638e-01
3.543396474798103934e-01,9.553860389698933808e-01
-1.096896114407741596e-01,3.578983485595677028e-01
-8.725681381302683448e-01,-4.726889344960496508e-01
9.600992809448389842e-01,-7.557052469442393505e-01
1.429003150333749694e-01,3.251778381798617890e-01
5.809983280580757192e-01,-5.630466850827045011e-01
8.160938206316774579e-01,-2.246806773501719423e-01
1.203320056593093490e-01,4.873696368611808438e-01
-4.092037103825698630e-01,-4.599488508708726719e-02
9.970219875930090847e-01,-5.439313253776625334e-01
-4.230788448997127027e-01,-1.545805095128771622e-01
3.417442493364106770e-01,5.198801793172540542e-01
4.040720632180672123e-01,2.063320377834896302e-01
1.600009027463267230e-02,6.201361866106884779e-01
-1.471919725118036038e-01,-3.661785040399267999e-01
7.616372739478776133e-01,6.476158860953655783e-01
-5.229596997912202561e-01,2.944189254081561735e-01
9.096514424204864557e-01,-8.265482988210710591e-01
6.403424065838032586e-01,1.937787675174584834e-02
-8.281588252427978247e-01,8.766114480679767507e-01
-7.467961597182326550e-01,3.400244748982466092e-01
-9.641088886776216782e-02,8.247090094957454376e-02
-7.541770386127950587e-01,1.154655196698675113e-01
-1.039843671022173677e-01,1.586935514811320669e-01
2.779748331182669840e-01,5.920694232360290687e-01
4.923759408855337139e-01,5.444429543299511565e-02
7.830105642170814839e-01,-3.600171210809122169e-01
-6.142464045322946209e-01,9.024203210533299213e-02
9.451922700723323079e-01,8.816115221996767559e-03
1.342503546830657868e-01,7.663047288934972112e-01
8.364020000588401338e-01,-6.095077144376546130e-01
-8.617980420989665991e-01,8.051025844025172518e-03
8.654615493819453054e-01,4.286695513240952327e-01
5.303388070246759511e-01,1.559672177638142809e-01
5.542851032600557559e-01,-9.144990180956831249e-01
5.682149683979396126e-01,-7.130371251525406961e-01
-1.058363372875907871e-01,-3.244603716171257091e-01
-4.100646056049781496e-01,8.424949089683224646e-01
6.870831122714620154e-01,3.028612358203035537e-01
3.434546115543528622e-01,7.705310594423731008e-01
-3.498605028234711423e-01,-8.387775336029110740e-01
-1.624687794689336773e-01,-1.864046165737260896e-01
7.928201119531790297e-01,-4.433884259559466301e-01
3.241473657587576884e-01,4.237070964416989050e-01
-7.063352506488373983e-01,-6.010584662965319236e-01
-7.849181679251939769e-01,2.585856319837605000e-01
1.903016434649336119e-01,3.346430723027316034e-03
-3.978966409829485240e-01,4.092552523386978613e-01
-2.059352297654541974e-01,-4.587479917657293349e-01
2.990310022165889592e-01,1.949474992526347705e-01
1.691180969197372264e-01,6.160149127829650517e-01
2.823037770397600621e-01,2.019792321768874022e-01
-6.835049096303567051e-01,6.901848085209840722e-01
-7.845742140151168442e-02,4.714752419731111921e-01
7.920427409386163742e-01,-6.976696640278547967e-01
6.126594678450905107e-01,2.199926782690815319e-01
-1.797952437889509536e-01,-7.753512427341318070e-01
4.362419806339832284e-01,-5.102877995736521122e-02
3.305839105335246497e-01,-4.308917839478298983e-01
-9.933966714454343094e-01,3.770177103505967242e-01
4.833259966050604817e-01,-2.377979537435954693e-01
-4.849734411819672797e-01,-8.659335403517551821e-01
2.877639210948219617e-01,-6.435644252344316918e-01
6.845439211243991018e-01,-6.683942628656229790e-01
-2.324974349870188028e-01,7.381867037314400193e-01
5.032458029344801798e-01,5.421529355495042779e-01
-1.004351960307236027e+02,-1.709055956296389667e+01
8.451429213731742607e-01,-9.674904877755927668e-01
-7.483945471898518775e-01,-6.999698460697265645e-01
6.064283005671471383e-01,3.171271213984729886e-01
-6.619842565659062039e-02,-1.098062385824649656e-01
5.075849611834304387e-01,-6.431336430487502032e-01
-3.408471585798288856e+02,-2.226838655710793660e+02
-8.441415685353453213e+00,-1.714486659315581676e+02
-1.437330098473328803e+02,-6.757040926182760643e+01
-7.041641473737010326e-01,6.795767942042350018e-01
-7.576234404710913140e-01,8.087996527063956442e-01
9.177362375424580332e-01,-9.882130036473344425e-01
-3.131842686226967771e+02,-2.583865491292211800e+02
-9.963959170193989223e+01,-9.555964059386609222e+01
-8.141449123498199469e+01,-9.684937308046943372e+01
3.374909425130114471e+01,-1.474684918384927812e+02
-6.590035689681825737e-01,-2.610114987166254341e-01
9.463970349434469576e-02,6.112326910460603724e-01
-8.013547626361925413e-01,-4.488892234822017269e-01
-4.215575060433862653e-02,5.534965585404059141e-01
7.785365862516426816e-01,-3.617940488348854178e-01
-7.713922044861017469e+01,-1.797131831465323160e+01
-9.810564703551298749e+01,2.150199497202320842e+00
-4.386180091788283875e+01,-1.914845285031039737e+02
-6.147459500536769372e-01,7.044612803997689632e-01
-3.577022655070105639e-01,-6.335203985587156694e-02
-9.945869669321381057e-01,5.200706318888772550e-01
6.700281242312298158e-01,-1.718874967181378555e-01
-9.801961417530023368e+01,-7.270533772811852202e+01
-1.213582163301952619e+02,-1.182692089981091499e+02
-4.577087076519481545e-01,8.901007127787252671e-01
-1.682779543997303673e-01,-1.626954306872101519e-01
2.466324726621986763e-01,-7.259492546755328402e-01
-7.433936221393593335e-01,-4.225187852776068897e-01
3.934195853468214210e-03,-3.013606901056902210e-01
-2.313298576879068946e+01,-6.271271635364532582e-01
-1.242342439802679337e+02,-1.351153552712816008e+02
9.579816582431868177e-01,9.288715266792171299e-01
1.910245313333087669e-01,-4.557945862461703079e-01
2.416984405932121049e-01,-5.544885978240452484e-01
6.901099810973532200e-02,-8.272379986523088480e-01
2.401135501818831841e-01,-1.107874195903029158e-01
-9.275875529229834626e+01,-2.291046434872661166e+02
-2.030126614142859154e+01,-1.095908845477921432e+02
-1.852911794464593953e+01,2.355965413756600313e+01
-1.518638510772756245e-01,-8.484307237087218567e-02
-8.642927658152901316e-01,-9.349220734871299676e-01
-3.651893788813929120e-01,-6.919794469265370118e-01
-2.378949765618187939e+02,-1.672444391030188626e+02
-1.845926617869528741e+01,-1.840074155251234913e+02
9.977266779100614258e+01,-6.873675009484617249e+01
9.953659662924280838e+01,-2.990634256792533208e+01
6.473000789895477780e-02,-1.934596778857700095e-02
-5.565912891356987746e-01,-4.968480042332459323e-01
-7.309935429666654105e-01,8.897088507978589966e-02
4.740333788240702617e+00,-4.590586583415975497e+01
9.958588279335660332e+01,2.276168759521215534e+01
9.965159170796886201e+01,6.017128328721396713e+01
7.201253784779336797e+01,-1.493780500282704793e+02
-1.030277557786151732e+02,-1.621763364840536781e+02
-4.723804907799138419e-01,-7.842974853827955339e-01
3.862976361513299484e-01,-3.071279258749644026e-01
-7.332376347558300367e-02,-3.206900888121750892e-01
3.763778927028625532e+01,-8.174499296280648419e-01
-1.876105453418783497e+01,-6.173546372827372863e+01
-7.840399754015015787e+01,-1.474551829371367546e+02
1.060506146281667839e-01,-2.115986404670673338e-01
4.047284759059632808e-01,-8.834727793902878989e-01
-9.303636978908782496e-01,7.806838953498398403e-01
-9.875248583117441914e-01,-7.246247180852303238e-01
-2.024517946252677802e+01,-2.156819811032951506e+01
-1.689102950030040802e+02,-6.375349423692044581e+01
2.467829592895198765e-02,8.912233848342800968e-01
-2.596556645289853638e-01,1.324457730947936618e-01
7.730357922721062813e-01,-7.808439330584220350e-01
9.670114322123357642e-01,1.847707727552858614e-01
-1.658731594292945921e-01,-7.336758070243918350e-01
-5.746030475307817298e-01,-3.833633646786915872e-01
-5.748911864701607044e+01,-6.430968923709244223e+01
-3.135752629598157526e+01,-2.292539926473957479e+01
-9.149785605124982624e-01,4.695592436109129153e+01
5.909471005640030139e-01,-4.085336865678956819e-01
2.303954733969915125e-02,6.708369537070999478e-01
-6.848684245062692799e-01,5.193061790936592814e-02
-1.097280667365654097e+02,-9.941514154114155133e+01
-6.725227926729276362e+01,-1.749765425637780325e+01
9.957559883950419533e+01,5.819760197263035906e+01
9.999997443110055428e+01,-2.560106084192821374e-01
-9.123872194260576052e-01,-4.948679794407633281e-01
3.777994459696403240e-01,-4.773249783053443718e-01
-8.389244779302832411e-01,-8.472015451143356302e+00
-1.827352456585171758e+00,3.186671206413708646e+01
9.963087642633226437e+01,5.713134894046407197e+01
7.788386835692151067e+01,9.965377460102115492e+01
-1.720243010230888103e+01,-1.596131457845196522e+01
-1.095471051019903719e+01,-3.321939303383371112e+01
7.982435918511858741e-01,-3.142512042821661300e-01
6.773880711367592511e-01,6.940278390157972321e-01
-4.771888316641170746e-01,8.339815695452810207e-01
1.984698669744375366e+01,1.092864209725259528e+01
-5.129457438539508018e+01,-9.041714110139412952e+00
-8.762900346270262730e+01,-1.521175146219118517e+02
2.026500758398419588e-01,3.311389807783795547e-01
3.612762152711723740e-01,-5.449854344073346013e-01
7.078016105062168162e-01,-3.768433464731593130e-01
-8.438750329551287788e-01,9.550728058469437620e-02
-6.203732927381214068e+01,-7.385503032701821624e+00
-5.857629176402890891e+01,-9.360760045403884533e+01
-7.799667363624440686e-01,1.379340414200505016e-01
-3.299018456734492677e-01,-1.974742205203594558e-01
-2.773778829874338214e-01,9.492650545019587494e-01
2.982443899385762709e-01,6.820973792098898869e-01
4.640754806351241601e-01,3.732580468392561190e-01
1.944871436168971179e-01,6.018489369846702353e-01
-2.971368536849414710e-01,7.801716378246918993e-01
-8.292067407187064809e-01,-2.485437197535997900e-01
-9.703605421670851161e-01,-9.640010207307061485e-01
9.641499547775378431e-02,8.772337656185773547e-01
-6.628606932527545403e-01,2.201285258028529146e-01
6.303525182140894412e-01,-1.139257841622187684e-01
-4.473773037646970607e+01,4.667521362613281655e-01
-6.870674369764789846e-01,-8.667159675907381455e+00
-6.545847480380659889e-01,-1.516834806036138072e-01
-4.366204455460491740e-01,-8.755839042155899588e-01
6.301793190653712795e-01,8.984320889293648804e-01
-8.567737009491442901e-01,-4.173331397055726200e-01
-5.407995291184031217e-02,3.066656134934444111e+00
-8.286785108940186717e-01,-3.274085732266963866e+00
9.540422906268865022e-01,-5.638601074671338864e-01
-6.072513186658254902e-01,9.701601365469507243e+00
8.786047860988033253e-01,5.771702318905873597e-01
-9.918455627839106725e-02,-6.089198637947790260e-01
-8.645903584525416186e-01,-6.663090069330601661e-01
-6.435363788752077596e-01,1.404772163829590692e-01
6.905647298671577783e-01,-9.794581698567439432e-02
-1.724049830700518093e-01,3.922492799075651249e+01
-2.139473888155053771e+01,6.124983763359431066e+00
-5.438541410515038876e+01,-2.683489362781324417e+01
-2.308153656284412936e-01,-7.480421595397683809e-01
-2.173405175760954045e-01,-7.047444823720550033e-01
1.795543879560563827e-01,8.181413852623964367e-02
-6.428000345432294260e-01,9.088040617116333042e-01
6.560532650181472469e+00,-1.260986489163136071e+01
-6.180987757254279558e+01,-1.473084014478514234e+02
-3.110332713986223574e-01,7.032656205787524151e-02
-6.737765495876679722e-04,9.087673494737864566e-01
4.368405886120323434e-01,1.216556422218098010e-01
5.661011329479830323e-01,2.958982572328459071e-01
-8.158421950936205480e-01,2.849955035988196439e-01
3.402686484693684399e-02,-7.159479975532823115e-01
-7.025408440515334973e-02,-5.761525267555822616e-01
1.454441588646715466e-02,3.562347222374091515e-01
9.463945168189373813e-01,-7.296140288295147602e-01
-1.710893558962551797e-01,-4.385248751226080710e-01
-8.526562695761097377e-01,4.481578681679596610e-01
3.497140009267503125e-01,2.058746785976417470e-02
4.992615765370684855e-01,-2.836735822589468992e-01
3.923098423111317512e-01,-3.989418467613992103e-01
2.391559648422993956e-01,6.762648683600345212e-01
1.748366792355615651e-02,-6.821229792354088772e-02
8.063205491819602777e-02,4.487398608330532834e-01
2.861336225345145756e-01,8.861428765592360701e-01
2.912412698957382862e-01,-9.978084612745239390e-01
-2.652024025730592705e-02,-8.379120068836478641e-01
-3.634310204150816848e-01,-6.570966326862599516e-01
-6.850796241826770938e-01,4.293713082910710632e-02
4.769560328400701543e-01,-7.554670053228067506e-01
7.152795762004333646e-01,9.681570086239574824e-01
1.792395892910259025e-01,8.035369287914013725e-01
-6.602372715025695005e-01,7.767763974457200238e-01
-2.478399136113378365e-01,-7.045389913144546323e-01
-2.035740605496043631e-01,-4.308131951226614742e-01
7.379918345676321767e-01,5.239459953621776744e-01
9.540109354432269040e-01,-1.204810732473486912e-01
4.241120630344690223e-01,-1.810827189970920514e-02
4.826054736562059855e-01,-9.283104421317174282e-01
-7.415734182342939018e-01,-3.874422948384892429e-02
3.150486480038834358e-01,-4.985543939662593349e-01
6.054945452829818553e-01,2.786255467412446230e-01
9.654654078198623424e-01,5.892418872505671423e-01
5.354695633910240282e-01,-9.354022110438953153e-01
-9.713434064752468622e-01,9.325881380139506849e-01
3.331084150924679133e-01,8.077562274651022278e-01
-6.760679140755061489e-01,7.805027194285589776e-01
-6.508695462620810446e-01,4.829727852358576268e-01
9.083557187298252344e-03,8.648849333727550714e-01
4.462586002556372389e-01,9.318409064876993497e-01
5.023792876769965776e-01,5.196046703349948004e-01
-3.523345930205399323e-01,-8.388977872700840166e-01
1.280770714094310314e-01,-8.428910344076054884e-01
3.815979852874893385e-01,4.196936614019697309e-02
6.284532888891927183e-01,-1.587265812844991242e-01
-7.145984029913401425e-01,2.840446348116507647e-01
-7.259445327229878675e-01,3.116122210636929069e-02
7.180185680299462359e-01,5.203059047699500894e-01
9.657103740654537916e-02,6.701984469597319638e-01
6.728451841208675788e-01,2.157267803474807177e-01
6.155111170706777379e-01,1.652060223787861215e-01
-8.903766230572194296e-01,9.094553876525730551e-01
-1.257815323680349096e-01,1.729984986271637659e-02
9.502948782340210343e-01,7.061683825874176534e-02
2.892545768117993354e-02,-1.471499219429377447e-01
-3.961347844947138430e-01,-6.793187065726864482e-01
8.482019722075571089e-01,7.048988911425886350e-01
-6.274493530584492884e-01,3.488429099454053439e-01
-4.411785025784353831e-01,-1.758311153827012419e-01
1.907841121313316179e-01,-4.078421724900453960e-01
-1.880423555162531457e-01,-8.598875582974399023e-01
-8.468934267572572061e-01,-4.178771865651615958e-01
2.435459738368006555e-02,5.559528188186189102e-01
-1.912027503914046633e-01,-3.639131878312988899e-01
8.861564469141649525e-01,3.983965461897316374e-01
5.869365235526111668e-01,4.303700728932107200e-01
-8.656998479032715910e-01,6.990282059193955178e-01
-9.009302442044022641e-01,-1.560652119622929490e-01
5.473742744818623773e-01,-2.831980717305129236e-01
-2.549817278797734588e+01,-2.802177847859642057e+01
2.612878572738743355e+00,-7.112059225830187348e-01
-7.137271371085545102e-01,7.173595681599809204e-02
1.886036554561931755e-01,-5.147443376946241322e-01
-4.869876345585482103e-01,-4.011072304895515472e-01
-3.486268184429719419e-01,8.084647147070578299e-01
-1.257908334542436819e+02,-9.087722677453723463e+01
3.985465104382320600e+00,-4.547901218790865130e+01
1.314798508927423448e+01,-1.425680012527301699e-01
3.112584378722602096e+01,-3.327538352050651849e-01
-4.203682918234055155e-01,-6.121384739140474096e-01
-3.507088262707074300e-01,5.429609468912419690e-01
5.230312453664996974e-01,4.012795333192054059e-02
-9.753542013960192492e-02,1.723764827032745472e-01
1.361897850611288874e+01,-1.533805238958715123e+00
3.802862348930246839e+01,-2.285753573433765595e+01
9.852241302512831922e-03,3.196877868181617899e-01
1.483370072936217809e+00,5.144920282161467018e-01
-2.828707999778790061e-01,4.255930164482888411e-01
-8.714554191765049307e-01,1.221211974525187038e-01
-8.060287714086586952e-01,6.959803062252363226e-01
-2.452279457266655083e-01,-4.650983011411182755e-01
-8.151456707272555224e-01,2.174468426582843783e+00
1.041294086183683243e+00,-4.075101875422787145e+01
-3.864991477686396948e-02,-2.435793225374733861e-01
-3.159319051713609383e-01,5.833758292997011097e-01
8.176620610313183324e-01,-2.676535614051958056e-01
1.290512313953804391e-01,-1.109217973068554741e-02
-5.342742946578320495e-01,9.152582221988179167e-01
2.731626985130615637e+00,-5.394565097638794882e-01
-7.702056163961643609e-01,8.240078627027547231e-01
9.210838335747184580e-01,4.425620041005160488e-01
4.371491813663077597e-01,7.891226983008066131e-01
-1.637274170042686272e-01,-2.133080250771686170e-01
-7.607567659356766487e-01,4.177441398047676557e-02
-4.255007683860070333e-01,-4.240179622446227370e-01
-1.260991038887650291e+02,-4.829662524280050917e+01
4.437904040028900710e+00,-2.616652652414295233e-01
-7.665973718769860668e-01,9.099074970346716640e-01
9.171515498948490386e-01,1.362072220046590676e-01
2.516090266286581389e-01,-1.041899830709391850e-01
9.323381227432145923e-01,2.856835201998269014e-01
-7.198468311109462547e+01,-1.247247074274347085e+02
-1.806842687937074388e+01,-1.071238215723875413e+02
-1.789451101997441995e+01,5.322497228516229484e+01
3.334712258174032229e+01,-5.288055514902110232e-01
3.799990441366398741e-01,1.226801522522227295e-01
-9.206187314124214538e-01,-2.581591644805958374e-02
-4.526167831897711835e+01,-7.160429583717903057e+00
-3.178940682073733015e+01,-1.752208993609466603e+01
9.949949084494707563e+01,1.660457697391996490e+01
9.965356716728045683e+01,7.862461323548579628e+01
8.110694257468369983e+01,-2.614937670979823992e+00
4.870549038981821788e-01,-2.549866015286981202e-01
-1.031952478507387472e-01,-6.015319034190538261e-01
-8.548312085770084501e-01,9.383539896050541174e-02
2.058318531778682292e-01,9.955737205054352046e+01
6.804240707342664507e+01,9.968696015864671267e+01
-7.535606184987907241e+00,-3.016636421658366984e+01
-8.058815772408360090e+01,-7.883542699927026831e+01
1.203038000752536529e-01,2.114325175724764971e-01
-1.087193105347457056e-01,-1.809760517331935326e-01
7.231911074721744104e-01,-8.537044172539640652e-01
-5.093874770010995423e-01,-7.585396252540463902e-01
1.067550409778287968e+00,-3.788879152941932560e+00
-5.433540552065109352e+01,-1.871001235072040174e+02
6.315082288266340438e-01,-1.720642591055543402e-01
2.246782352194465204e-01,2.398896854089218600e-01
1.858312187447324071e-01,-9.695355795217022177e-01
-9.050623300658520165e-01,2.813403860420153890e-01
5.753585055929382186e-01,2.424255052442616520e-01
3.540065101350378107e-01,7.032126526772466413e-01
-1.696857254029750379e+02,-6.719136037936280559e+01
-5.631558104587908176e-01,-2.321478408385894454e+01
6.895269175593687905e-02,6.420572995319904219e-01
-7.440037880256800129e-02,-3.262926512576496130e-01
-4.399690000529603573e-01,-3.430751320016378614e-02
2.312404191135746245e-01,6.521578123292339768e-01
-2.711644330722485847e+02,-7.294015023568633183e+01
-6.550260627477838682e+01,-3.761918441123388135e+01
-5.154799970882799620e-01,1.488590694216932597e+01
3.986972301407287755e-01,-3.519084603418178858e-01
6.419424946212948235e-01,4.788865265964576956e-01
-4.316117417468798845e-01,8.126736025832426158e-01
-2.043030357778392556e+02,-1.394200163324907749e+01
-7.413559306557877449e+01,-1.851529654705834815e+01
5.116922269883599483e+01,9.962811642137555168e+01
8.698716125350756556e+01,9.965426568486829240e+01
4.373512221078352979e+01,-2.256509411596776538e-01
-9.348875030733159175e-01,-6.364625944368851318e-01
-3.584579025098120209e+00,8.990261804941579449e-02
5.873519424104096665e-01,1.340817104322336029e-01
2.237175117509746869e+01,9.964416009641590222e+01
8.414954180492557612e-01,9.962292205824493863e+01
-4.481710638027226423e+01,-1.158637668540426269e+01
-1.119800168725822687e+02,-8.809349040108276085e+01
4.107626659200525054e-02,-4.830515573785880701e-01
7.955663082368147343e-02,-7.094845363092918689e-01
-9.598843569117649910e-01,6.996724333614976477e-01
-9.063292304911161779e+00,1.662461073172461923e+01
-5.369667198405751662e+01,-8.106368976186319131e+00
-9.064834022184096796e+01,-1.967567294702251388e+02
9.804025102881639420e-01,2.947031066932928045e-01
-4.343454144365741509e-01,-1.174409159473379649e-01
1.992194139234706451e-01,-7.652714201527517357e-01
1.762254261629070395e-01,9.127438417998845477e-01
-7.952585568811771921e-01,6.993594606131136260e+00
-3.266944986102577531e+01,-9.499597544157708739e+01
7.257495241461664470e-01,3.972475234904115915e-01
5.234118573714807710e-02,-2.636126212704827942e-01
5.255805279958070120e-01,7.775832256850765400e-01
-6.331499238413786923e-01,-5.420019452009947614e-01
-1.973090061530828887e-01,2.911534905444690402e-02
1.479944966139772333e-01,-6.578964705477059471e-01
-1.481832168780807137e+02,-1.983713982100800877e+02
-1.660676735937247486e+02,-4.634229962346163489e+01
-5.311987548155112648e-01,8.273503401891730835e-01
-9.252463281205487444e-01,9.116079386875515222e-01
-9.644563961337930813e-01,8.364420020494134356e-02
6.783503849247354278e-01,7.189155007869991731e-01
-1.652668675031093812e+02,-4.901639683292202676e+01
-1.743643198160809504e+02,1.499544803208497923e+00
-1.209751728872716114e+02,-9.817951396711544021e+01
8.636332086188256429e-01,-8.228849144838898955e-01
-6.187764573691303394e-01,2.563913601312501900e-01
-7.208012176087428280e-01,3.057272969877984359e-01
1.264915925844562583e+00,-7.654185265092285917e-01
4.326331508096976641e-01,-8.502475629952153113e-01
2.071887525146292486e+00,-6.157510835713146946e-01
-1.267144356562511121e+02,1.447038672419983030e+01
-1.682976807518453768e+02,-1.295354426298235637e+02
-2.249556878625897411e+02,-1.010781939349267304e+02
1.319695131221023665e-01,7.281972098086402223e-01
-5.258087153870774078e-01,-1.021788943147836637e-01
-5.920984082547819938e-03,-4.525715272270072198e-01
-7.276253645895467059e+01,2.119126352805077573e+01
-1.282129048325206782e+02,-4.493652261959097416e+01
-1.612575608225156998e+02,-6.763403881383464977e+01
-5.303705524141681948e-01,5.618643436553809600e-01
-3.907065795123796370e-01,1.669625374556358288e-01
-5.993972184938642922e-01,8.002986758429582181e-01
-8.846237234504989999e-01,-6.456960076710869245e-01
2.925910688374948165e+00,3.618245236540420517e-01
-2.796660179688927172e+01,-9.912165804555517923e+01
4.261060872038766600e-01,5.615011125821030014e-01
-3.263927525680232478e-01,-8.378917720806449143e-01
6.413116168730770283e-01,-7.064720837808766696e-01
-1.714828741664118361e-01,-9.833340703372093206e-01
-7.304804079458326882e-03,-1.518074362290184887e-01
-2.223797662939874797e-01,-5.140307928564962214e-01
-8.150714034561270527e-01,-3.373884810620666475e-01
-9.083339514975301565e-01,-1.046582208604895925e-01
3.357169982788392737e-01,2.545323689662215561e-01
-5.629376343658942794e-01,9.383666206945668886e-01
2.982210173463377689e-01,-9.817203440590986929e-01
6.154648181723600953e-01,4.002105156636592831e-02
-8.149220942103359011e-01,3.621101032356111027e-02
-9.293474818988918251e-01,-8.410562417164717530e-01
-9.709910455488117709e-01,-9.175729407745281119e-01
3.473207084352034624e-01,-9.985567821102026009e-01
-6.265156249904393349e-01,9.417162799370120130e-01
8.125019869629850344e-01,-4.558252837063576646e-01
3.504324902643685125e-01,1.612291255508508936e-01
2.304403358540525470e-01,-9.267653893362184370e-01
-6.207852615687763365e-01,8.615500355864713633e-02
-8.754665571004172087e-01,3.107939064795919304e-01
-8.500914551917615469e-01,8.404472054997942365e-01
5.312107270554926597e-01,-9.773910672879804196e-01
4.322010459613785383e-01,-1.255248459872164712e-01
3.805411650584744621e-02,-5.132392999438255554e-01
-4.034175091995939599e-01,-3.712060239791201699e-01
-1.036155855392584257e-02,5.820719108429166511e-01
-5.327658483586681371e-01,2.602368789226021661e-01
8.516566314116063019e-01,-6.815347414171051277e-01
1.229143060281501221e-01,3.163073536780971473e-01
1.991113734294791549e-01,-1.882604119254656094e-01
1.422035233181764280e-01,5.717476983297495874e-01
-7.743170195551605239e-01,2.936150483912762787e-01
-5.496040976113114596e-01,8.633578305016913479e-01
1.953432888019013269e-02,-7.347258615868719200e-01
2.412908595562370806e-01,-6.307501868964251468e-01
4.297033179436604566e-01,4.608326483035567467e-01
-9.981952311868163008e-01,9.680801070176869860e-01
5.578685464884483025e-01,-2.964988217759658706e-01
4.360676810024513017e-01,6.166136311903318568e-01
-4.389296703983331938e-01,2.770202544410136358e-01
3.643083630149615004e-01,-5.281912139137392437e-01
-2.025973274880874531e-01,-2.182432918640260233e-01
8.375641054894487070e-01,2.657023074186295464e-01
-9.164796217780317722e-01,-7.920346453273212628e-01
1.069749327863820376e-01,5.082334465759026365e-01
1.088572586567093659e-02,9.633975405455788010e-01
-4.119845840645308677e-01,6.471833553982968557e-01
9.827457959290564204e-01,5.619715300635055311e-01
5.105199924734904471e-02,-9.045784675631538541e-01
1.836559761715372829e-03,2.324947893365212348e-01
1.563532467145054561e-01,4.157132634676470317e-01
-8.136919240377191720e-01,8.373459608594759906e-01
6.992634459791997603e-01,-4.455732949244779473e-01
8.328595564226832781e-01,-6.562366991327681642e-01
6.792623351451687608e-01,-7.108801604668111285e-01
-3.327320721695126160e-01,-7.797829487471874543e-02
-8.152340174395158456e-01,-9.799554583467728897e-02
-7.024426391969409433e-01,6.912511685435711595e-01
-5.368394254626482898e-01,8.875870925050239890e-01
-5.181505032877395944e-01,2.824852818038692259e-01
-2.957390294516990537e-01,-2.397763095834644087e-01
-7.775595239865848995e-01,9.012576585024654197e-01
-7.853694689949131114e-01,-5.720681347790324001e-01
-6.687494619259291007e-01,-2.992298841661760189e-01
7.760551546817038293e-01,-8.176812658070329309e-01
5.655542457654543220e-01,9.288710680603198266e-01
-4.648363195166238526e-02,-3.813210315868225120e-01
4.002364303012149183e-01,4.554997103245850276e-02
6.340214712885328119e-02,5.174660945114644139e-01
-7.580057229518064599e-01,-6.534030004884199272e-01
-5.575675461125470633e+01,-7.824128791354644363e+01
-1.395209234866152448e+00,2.871375675332612509e-01
9.860766525463700027e-01,-9.228649655398113438e-01
2.635953165557336497e-01,-2.962408792652453382e-01
1.307726804456801339e-01,9.939944381761121051e-01
-3.223871295766818079e-01,-1.692474825572218844e-01
-3.229889316084035755e+01,-4.713001129661119393e+01
7.926787027194968083e-01,-2.229066695597730074e-01
5.331203653913179075e-01,3.317645088840444600e+01
5.619850871182474616e-01,4.741292830657150148e+01
8.756088726310260473e-01,-4.400195616417832412e-01
-2.347664377992919604e-02,7.369031185278971385e-01
-6.256830600051914715e-01,7.314555402009224050e-01
4.854117416478389568e-01,-3.715307817967699044e-01
-8.669422175330556701e-01,-2.564623824749194814e-01
2.191629941450309360e+01,2.693238059144955621e-01
-4.816852119344310346e-01,-1.051873481509979502e-01
1.975719651742770644e+00,-1.795181230605273903e-01
5.964698776949717285e-02,-5.405641468371362723e-01
-9.526903904577541660e-01,-3.296285217594130401e-01
9.846297257188152408e-02,-8.140990206700489118e-01
1.166686536490397774e-01,5.664831295302379388e-01
4.976504182742980120e-03,-2.771251849930509437e-01
-2.576838302455641028e+01,-2.150279218434187900e-01
-4.894755131008867721e-01,7.113472577139900999e-01
-4.532297880351905395e-01,-7.577874965027642240e-01
-9.337361238482702053e-01,-5.151174571881960151e-01
9.584889658690642911e-02,8.817987849263850819e-01
4.692256524287641284e-02,-6.655166243906756041e-01
9.875530155427245660e-01,-7.847305454898840793e-01
1.257907632133452580e-01,2.945961521098405811e-02
6.225565198458571370e-01,6.562211678143468063e-01
-6.410329900382851775e-01,-8.951797675602408688e-01
1.291112038797137540e-01,-2.170684952980206361e-02
-4.518648132721070354e-01,-1.994564226201909207e-01
4.874799740057444986e-02,-7.838981377556930585e-01
-6.313641630945339500e+01,-8.482021775975660205e+01
-1.836330950084760261e+01,-2.237093944551560654e+01
7.744089303098042887e-01,-6.824914148543144155e-01
1.489294279196384796e-01,9.996183734939525500e-01
7.286480230906620115e-01,-7.588011409141728336e-01
-9.070979135480139455e-02,-6.230515796410747154e-01
-1.174908368585149248e+02,-9.966455074398470515e+01
-4.600941342936040712e+01,-2.022840153671672070e+01
-2.984117471142609190e+01,2.155832500184508405e+01
-2.885384475172025898e-01,7.309656219637585650e+01
8.225774634293081533e-03,-1.566203203778528952e-01
8.052728435675624574e-01,-7.245565516296246233e-01
-1.615554376358865341e-01,3.056117344375890443e-01
1.795471845671777089e+00,-8.828122898753973935e-01
-2.311664979608686110e+01,9.955651803225244123e+01
-1.041184858301468807e+01,9.965233351743772516e+01
8.677507695440814928e+01,-2.053144354959379747e-02
3.537740570820992581e+00,-6.069885138231005950e-01
5.839943128546543072e-02,-4.132695112991460196e-01
-3.703680143561889349e-01,7.226171842743129847e-01
-7.570592799322000133e-01,4.932930014975414057e-01
3.644727048495876431e+01,-8.587352289261505067e-01
-3.757886915209405032e+01,-1.394972654515944122e+01
-1.305384302365784492e+02,-6.940324598398505884e+01
1.860212081402090600e-01,4.231201702823477184e-01
-2.682391841175617575e-01,2.180760309195506341e-01
-5.718922827158716693e-01,-8.594483926478519997e-01
3.798215108681848307e-01,-1.465172071696931866e-01
2.954505141947849634e-01,-1.058027367738102420e+01
-1.020720234235907213e+02,-9.851599119994942200e+00
7.505140531052023611e-02,-3.188548555512116245e-02
-6.638184545550362969e-01,8.501531391604211230e-01
-8.535796473739056811e-01,2.675307972185585470e-01
2.535969478150479350e-01,-9.084069265361041090e-01
-8.267787344976254005e-01,8.953570726406558933e-01
-7.025092518898978788e-02,-4.946744537901759387e-02
-1.856589396237460505e+02,-5.009486442256150696e+01
-5.060268162349701448e-01,-4.234824474996468524e+00
6.963732865717280340e-01,-5.625918215839267322e-01
4.964835638598152912e-02,4.387847777534272797e-01
-3.934986179353803237e-01,2.813752630142400957e-01
-6.128683087889408299e-02,7.211567303332471202e-01
-1.220879477825893673e+02,-2.028525360284650958e+01
-1.594145395234809826e+02,-7.445581059259603762e+01
-2.919428414268283589e-01,-9.618724589782910783e+00
-1.960295407122196742e-01,-1.695429086063495738e-01
9.812463750480329150e-01,3.484572407974872998e-01
2.916544402705560923e-01,-6.847915688003938239e-01
-5.753648280749287025e+00,-2.831948971705149365e-01
-1.029313671402256034e+02,-9.187200842414823398e+01
-1.593086795715835358e+01,9.949778317554951457e+01
2.247803649867861253e+01,9.963633045892370887e+01
-9.112400770578328313e-01,-2.663611184113530328e+01
-1.296869927562157976e+01,-2.163574987888839019e+01
5.842287529029510651e-02,8.280079588923217049e-01
-5.627899901447048769e-01,-6.779464855591859074e-01
4.838678695287683684e-01,5.278495716183499997e-01
-8.606072784527690089e+01,2.312465863626396612e+01
-7.220238822686842184e+01,-4.624093299928095746e+01
-1.615574714694393492e+02,-1.072829149149791874e+02
-1.324207360333076178e-01,4.904898381359492632e-01
-3.899493750296032513e-01,-2.264476789934948275e-01
2.631126450277718742e-01,3.580542209140227250e-01
-9.080461503168635318e-01,5.789136914150783131e-01
-2.982939108597701861e+01,2.636386226995071524e+00
-1.716093020190133416e+02,-8.075962499291878771e+01
-9.864801306059971520e-01,1.733365810948830354e-01
-8.226073743283321971e-01,5.275022012341845645e-01
3.414936672063100254e-01,4.694547963734829743e-02
1.755029613154901469e-01,9.035237114799168356e-01
-8.242113128355987861e-02,-3.684130980875643946e-01
1.167149296787941548e-01,-3.259187019068823243e-01
-3.569123758668732762e+02,-2.979813852489417059e+02
-7.371901664955013977e-01,-3.273796345298052302e-01
-2.292410231763963857e-01,-2.801397262410076916e-01
7.101950351746073586e-01,2.786548237948422990e-01
-5.589094552591422627e-02,-3.583025117297637951e-01
6.187766325048671412e-01,-6.772200331931934603e-01
-2.914584687810961441e+02,-1.611955357240098863e+02
-2.663816796667145468e+02,-2.877540797714164569e+02
1.398322071575390790e-01,-5.221377106579816463e-02
5.768142751647538091e-01,3.807269244093323124e-01
2.813088916575667842e-01,-6.259715084266481711e-01
4.263259212606886894e-01,-2.843608134319490777e-01
-2.216092443138010424e+02,-9.968967986727460584e+01
-2.210126742581928170e+02,-3.118018995931792574e+02
-2.731052900684259157e+02,-2.961187816369334769e+02
-2.732599336910797660e+02,-1.732398908909706279e+02
-2.475573336358729080e+02,-1.377447955543904179e+01
8.633763026852545597e-01,-6.095740308416159881e-01
-2.933137746745302366e-01,1.504428845140416193e+00
-8.415502355448734040e-01,-5.360971558240175128e-01
-6.319339219329886959e-01,-7.090002794644671980e-01
-1.161478777306443249e+02,-1.779846369680033717e+02
-2.614760910742782585e+02,-7.258134266010011970e+01
-2.949894715785832773e+02,-7.746534640820220829e+01
7.852496369311785518e-01,1.557624287498931004e-01
4.356665691954930697e-01,1.817388898592982027e-01
-6.589743953656266306e-01,4.432188568979218424e-01
-5.773942659826256651e-01,6.650380567930771480e-01
-2.322129237496331911e+01,-2.632078086748834700e-01
-4.069453047388031450e+02,-2.093290948827554132e+02
2.499235785935094434e-02,6.772402775364327887e-02
-4.822307596227932702e-01,3.717181340385289356e-01
-7.588264969610669652e-01,-1.812832735409175555e-02
3.086715331002642948e-01,5.134946581143622346e-01
3.667244917902643397e-01,-3.675809591703549373e-01
-4.431413690233050318e-01,4.409619762643690599e-01
-1.809595848695582099e-01,2.152789585752379331e-02
-7.583642476823171386e-02,-2.785135044692603756e-01
-8.878829028563552939e-01,-5.298719018282931348e-01
4.248444674868983029e-01,1.961179658367950829e-01
-8.208373281464196314e-01,-9.736098882646357922e-01
9.935800388535258598e-01,-8.146544021786754630e-01
6.508770402472889849e-01,9.178923144077959506e-01
-3.336578113935122492e-01,-5.084422276476305846e-01
-1.131568902492663398e-01,-9.317372230301457225e-01
9.098934729959948786e-01,2.458545716684481519e-01
-1.934288173577352055e-01,-6.115290283129295457e-01
-6.911066221954089706e-01,-2.444980206585829485e-01
2.578369395585773383e-01,-6.447617426310272570e-01
-3.589939614914057220e-01,6.361245289253836255e-01
-7.871404200362701609e-01,6.630732076641365769e-01
-2.681313032251702033e-01,5.281624214546032370e-02
-8.483509727051301574e-01,-6.011176458766001041e-01
-9.076502052736941106e-01,-5.681161631471887130e-01
4.249309571644106498e-01,-8.079961773718213891e-02
5.321810939430133836e-01,-8.821866909821018954e-01
2.381682080075162578e-01,-4.310227702295812424e-01
7.919118902843009788e-01,-5.419599713419656073e-01
2.036890925925640694e-01,-2.820727912115639224e-01
4.309844016840793657e-01,1.647444054858822060e-01
-6.473596579728964073e-01,2.637283151416129900e-01
-2.515496218360506742e-01,3.976768146405251780e-01
4.572855866906733180e-01,5.639257517376656814e-01
-8.788380891250020532e-01,7.767995122218003257e-01
8.516006040795511822e-01,8.958425134604233175e-01
-9.605267776153494363e-01,-4.847766028081661460e-01
1.024835829485981620e-02,7.599025270960837464e-01
-6.925860192565282958e-01,-7.751048928421644391e-01
1.175442640793511462e-01,4.043962900816961969e-01
-7.705817992494250479e-01,7.158592260645157968e-01
-4.173999977825957330e-01,8.321726118641215031e-01
-3.614705358179655104e-01,-5.763744926301381799e-01
-5.438409798952159591e-03,-6.949146253178875021e-01
9.279011527291070038e-02,1.194164437247711152e-01
4.458378832352489773e-01,-3.198968554289125521e-01
7.739174678545046593e-01,-9.304663658367413603e-01
5.225190332138569538e-01,-2.440356673878596450e-01
5.741707578212700280e-01,8.921561673618774169e-01
-7.247104651138123188e-01,-8.729990280127561952e-01
-1.055307559403546591e-01,-1.213720875114598918e-01
2.790315946845800532e-01,7.230222631433140812e-01
-2.164356387363008949e-02,-7.314245168624289306e-02
-4.705892427970199687e-01,-4.879394955935174583e-01
-4.222022354248100573e-01,-2.216222079081342500e-01
3.973498638073027500e-01,1.507723835002618973e-01
-6.490367790067441689e-01,6.900797289801641199e-04
-3.057686087185913504e-01,-9.799589969663391464e-01
-8.982500530192294441e-01,1.467095742412225512e-01
-8.023054945010572592e-01,3.467755308572852968e-01
-5.914235876181901386e-01,9.002766148660397150e-01
1.749274229237787193e-01,5.127257711738515411e-01
-4.253562031977105029e-01,-8.037318639942101495e-01
2.188218147117173551e-01,-7.477600709885592334e-01
-1.687712130808669553e-01,-8.649050716289554686e-01
-4.619449187873210239e-01,-1.799668112828760602e-01
7.202806776532579836e-01,9.815664573547362437e-01
3.363554296914372799e-01,2.577005143301560608e-01
-6.238174734795016718e-01,9.758502416508558763e-01
-7.891607643190554633e-01,5.433173252732776959e-01
2.276775350422755029e-01,-5.564021105668459644e-01
-6.285150273813533417e-02,2.732904764792973840e-01
2.872430002427153184e-01,1.600802499008713298e-02
-5.983622001959194581e-01,-5.147381627661598014e-01
-3.925772358960744057e-03,5.979398799460970970e-01
2.665578865070219461e-01,7.357926263889402740e-01
2.169845520858924015e-01,2.022336084766458431e-01
-7.947848662387326790e-01,9.709780645786860731e-01
-3.591520272144212989e-01,-8.840497681995322932e-01
-5.263115513204950080e-01,3.515885410180117354e-01
-3.398798655756349874e-01,7.435764294011353304e-01
6.449895117444068848e-01,3.397539299602760909e-01
7.049727790521373993e-01,-2.777927464313267869e-01
-3.898923448201154773e-01,5.493750752929427161e-01
5.202402835816202220e-01,7.076462346285028460e-01
-6.710055897927085233e-01,6.157033429655600631e-01
-9.651515657187181851e-01,2.601851994988328975e-01
-3.237561010429654829e-01,5.520007218721711961e-01
3.931827861900538679e-01,6.357155523522139973e-01
-8.418863436881620643e-01,6.602321068992695885e-01
-2.360543849447087617e-01,7.571855119770978249e-01
9.818977624364741974e-01,8.515934032637515472e-01
-4.691970441791257773e-01,7.928370557874941937e-02
-3.327163856478176918e-02,-8.304223509312751439e-01
-1.438230924332248861e-01,5.923562379168709757e-01
-2.925715892847882138e-01,1.598540735061888540e-01
-9.953752769087320651e-02,-7.345456427320820048e-01
3.617480453061387990e-01,-8.073564826420398521e-01
1.436114722516006470e-01,-8.697025801616824481e-01
-1.242463800225575010e-01,-3.196755395062422789e-01
7.851374061006657357e-01,-4.193604727636466301e-01
-1.052145529504497912e-01,3.061864315419593474e-02
-5.778563341592823921e-01,5.253358488494777045e-01
2.410482785002907580e-01,-2.924593940218089827e-01
-3.954446875661166150e-01,-4.345898711735902697e-01
3.030114472326648212e-01,2.986080860617850163e-01
4.022972266936213348e-01,8.823482301617853185e-01
-1.407377887613168177e-01,-6.359486695187404059e-01
9.789262750508358479e-01,7.922507423378606362e-01
8.242369609218673787e-01,-3.493280260834779050e-01
-8.341478264216097838e-01,-2.342050748870636578e-01
-8.567917761881824745e-01,-5.332165300711804168e-01
-8.387887334297616793e-01,5.493835384538647837e-01
7.907409395730138346e-01,-1.418196550519863486e-01
-5.761837683507069485e-01,7.246347574984575157e-01
-1.069662849771696500e+02,-7.562423861212262466e+01
-3.696575318896955054e+01,-4.303077398340114001e+01
-5.826083644665921923e+01,-1.490029687164131111e+01
9.041408139126203558e-01,7.483467503170588841e-01
-6.331480845893944220e-02,1.202032507398429484e-01
8.021179758370635682e-01,3.703567238896643410e-01
-2.137036892278443290e-01,3.997041107956205153e-01
-5.090465650510038742e-01,3.864593498269521810e-01
-7.277771891752668409e+01,-4.614522109625308133e+01
5.815360285032841148e+01,-2.215257351030786026e-01
6.783849977815361587e-01,7.455754660587796678e-01
4.740806012550111692e-01,-9.689989377053862540e-01
-4.150804803248009378e-01,-7.427350904678262644e-01
-9.291200071751071210e-01,-7.134563299289991001e-01
-6.061921474962936873e-01,5.364324808615038620e+01
-5.404415898664032269e-01,7.528081436686963457e+01
-3.364632044013871059e-02,1.185197404586091352e-01
3.180221367954463307e-01,-2.416703059363763284e+00
-9.766363095455856680e-01,-8.680516745379875942e-01
7.328525403832930607e-01,-7.234258953249010915e-01
-6.735018039972822113e-01,1.744125050827978196e-01
9.166319567227163567e-01,-8.712844782850213132e-01
3.604228549036516682e-01,8.647675258022984313e-01
1.376255219466477220e+00,-1.234556948625796657e+01
7.662840215156325741e-01,-3.250623664470182472e-01
-3.043375978478111143e-01,-3.462782662036214543e-01
-3.616977624051016527e-01,-6.008331499148591437e-01
-6.219293633765365925e-02,4.394653897086522321e-01
-8.577243738448969701e-01,3.385003946128881669e-01
7.065843817894441603e-01,-4.956132859013320235e-01
7.403738600453608765e-01,9.714666575843351470e-01
-7.827896911318579232e-01,-8.041630401366741676e-01
-6.370243071573227223e-01,-7.937747107966310889e-01
8.181258773715816002e-01,5.145015920673057241e-01
2.724873248957924154e-01,-9.419902210616764027e-01
6.082463832581466168e-01,-5.411179793239506708e-01
-2.457095181114250693e+02,-1.102855068232235567e+02
-2.390059539873636538e+02,-5.405931389866381664e+01
1.011447805376849640e+00,-4.962234644917300841e+01
6.834901570680986804e-01,7.570371352836218204e-01
-8.997625192358560398e-01,-9.246157490510871213e-01
5.933127157924995565e-01,-8.236693278178774946e-02
-9.808009958546730900e+01,-1.018261629738181639e+01
-2.522101790676614712e+02,-7.322009529714220832e+01
-9.720293791015882334e+01,2.679694394095911747e+01
-1.110416601481260273e+02,-3.391676549414598441e+01
-9.354523886627992280e-01,4.951934178816166376e-01
4.167285651845167305e-01,8.318251759442956139e-01
7.481739821330628537e-01,6.664526881768744193e-01
-3.227554807756631838e-01,6.025808902631941688e-01
-8.676911953562674285e+01,8.736720954242107950e+01
-7.779518724864398216e-01,6.997481194533972371e+01
-1.218380850953772097e+02,-1.136625352277741001e+02
-2.471233137838316907e+02,-1.870722809163684985e+02
7.390847011143040213e-01,-9.604394817924140071e-01
3.532962772157131059e-01,-6.134514379728324140e-01
4.160126748202459535e-01,1.508242255490457318e-01
-2.261327427013766767e-01,-8.734436883393457141e-01
9.917895812401746891e-01,-6.507535055564736126e+01
-9.222618357000663991e+01,-9.038744528694240898e+01
-8.911017160925442937e-01,1.449200197274795876e-01
-4.235622636538045604e-01,-6.831997453469096371e-02
-8.707253544286812641e-01,-3.593679215296963214e-01
7.577801061513422809e-02,4.572221778392386859e-01
-8.370277470650460128e-01,8.667567608201580676e-01
-4.100776985111828310e+00,-1.265032006685479757e+02
6.530421535863171201e-01,2.899054558564087003e-01
-4.413860130849951435e-01,4.626461751494619357e-01
-4.580574910662882360e-01,7.907725844534900794e-01
-6.640426730090620566e-01,5.108685750078356680e-01
-7.654309494777455924e-01,-2.199489232283149409e-01
4.508197654694894307e-01,-1.520180084107061180e-01
-3.968952855216393232e+02,-2.638363361094270090e+02
-4.948221470355468909e+02,-4.613236655661065697e+02
-9.021427430017741056e-01,-1.000965736044095138e+02
8.619855120651964686e-01,9.156429103262329061e-01
3.638701079958319706e-01,9.127754414403601579e-01
6.833936812041085940e-01,3.606435117302340121e-01
-1.244783708911694617e+02,-1.006172561063440156e+02
-4.765904056951730468e+02,-3.317102906983092225e+02
-2.962376151460245524e+02,-3.476612591881645926e+02
-9.468245946302391580e-01,-7.978717239435022535e-01
5.386040068033304262e-01,-3.574235483272878433e-01
-8.113957790078367704e-01,-1.466523855356035142e+02
-2.622944437286784947e-01,7.209072286425532994e-01
1.425790785407077266e-01,3.038893653521033134e-01
-1.986098711659637104e+02,-1.494873391132573772e+02
-2.838127253140429502e+02,-3.199886171068221756e+02
-2.988858965620647723e+02,-2.982675945737346979e+02
-2.977558515106200048e+02,-3.336847534614563529e+02
-3.478502600028832159e-01,7.120293605920589020e-01
3.158169972826117000e-01,6.503099359007527003e-01
4.445543786634607031e-01,7.785871802414194853e-01
-7.363624178477357418e+01,-1.006987494345139282e+02
-2.004879515420893767e+02,-1.243337720903693935e+02
-2.954103299985939657e+02,-4.700206414598029596e+02
-4.181700759564832559e-02,9.635966846262951080e-01
-5.421749674018347953e-01,-7.467255991105832269e-01
7.196038613011279672e-01,4.786824656177310899e-01
7.945722016116172348e-01,-6.703399092864046338e-01
-3.161474695311627947e-02,9.019885490797976413e-01
-2.981970642211134646e+02,-1.723520233020094850e+02
-7.066010322184854697e-01,8.564021168423081587e-01
2.606436403564527104e-01,9.135400420700239277e-01
-2.430401067862719700e-02,-5.792461696851185504e-01
-7.165667652373277630e-01,-5.819566992740012878e-01
-3.596646097653473095e-01,7.532494982988535703e-01
6.757602178277291038e-01,9.839642095810974265e-01
-8.885075769836801030e-01,-7.384842422181769894e-01
2.540020065929853299e-01,4.699874913955510713e-01
-2.753002795309871242e-01,4.888814020885439149e-01
3.423842642600074537e-01,2.920973592200073465e-01
-3.636361331548889630e-01,8.394866079996965436e-01
2.572561776953303792e-01,1.844847497923796098e-03
-4.231813004228817121e-01,-1.416254279070263689e-01
-2.138435354482712825e-01,5.387218288954498391e-03
8.966170211462713979e-01,6.758245343031563657e-01
-3.912406776326422531e-01,3.993572206603501762e-02
5.312594365051324097e-01,-3.727000386619998551e-01
-1.411349856033816685e-01,-5.547946062930033673e-01
-4.701196002587266776e-01,7.055952366083044769e-01
-8.193514668857504457e-01,-3.808601242250793106e-01
-8.948926878751022329e-01,-7.794141049167857549e-01
6.421358682907274407e-01,-8.060637289876413369e-01
-4.797740172704889616e-02,-9.550560855551124551e-01
-6.763625596245363969e-01,-6.749514724387595255e-01
-2.869684194985602232e-01,5.842771337296179812e-01
-5.911919012207551560e-01,-8.601844526314437189e-01
2.645074635881292657e-01,2.830627536210772455e-02
-3.325076456407405345e-02,6.850075773832169368e-01
-1.332515986704458921e-01,-2.063513799339109500e-01
8.032981672274295271e-01,9.471890040663073496e-01
6.860958112026145361e-01,-8.279541481468490893e-01
3.047412006270473483e-01,-4.739656605299740200e-01
-3.413791352928661205e-01,-5.358444610197052871e-01
1.111893198876208189e-01,-6.047030408919196187e-01
2.436136833595146101e-01,-4.599232053860380365e-01
-9.164551730831751453e-01,-9.524685110327966164e-01
5.391995079323341766e-01,8.912305742889663485e-01
-6.502146663748595845e-01,-7.724638399832506330e-02
-6.743476668953225506e-01,-4.206384641850768880e-02
-9.242781802586614859e-01,7.560412012622264033e-01
3.478073432929305042e-01,-3.626392553458859247e-01
9.342405050106312725e-01,2.570286727943549288e-02
